file,family,domain,sasa_domain,bsa_domain
camsap1_cc1_cc2_linker_tubulin_complex_model,CAMSAP1,cc1_cc2_linker,10765.647303902386,3771.043854123076
camsap1_cc1_tubulin_complex_model,CAMSAP1,cc1,3374.2041156078094,920.9195464031036
camsap1_cc2_cc3_linker_tubulin_complex_model,CAMSAP1,cc2_cc3_linker,26475.491933461515,4747.472088025108
camsap1_cc2_tubulin_complex_model,CAMSAP1,cc2,1833.20820787537,1532.4066551874487
camsap1_cc3_ckk_linker_tubulin_complex_model,CAMSAP1,cc3_ckk_linker,12097.588328678477,3191.3939468831013
camsap1_cc3_tubulin_complex_model,CAMSAP1,cc3,4624.995050106515,1578.9941368952486
camsap1_cc_ckk_tubulin_complex_model,CAMSAP1,cc3_ckk_linker,14171.058128541737,790.9800069942685
camsap1_cc_ckk_tubulin_complex_model,CAMSAP1,ckk,9345.641417754643,321.7011737451194
camsap1_cc_ckk_tubulin_complex_model,CAMSAP1,cc,53242.37374837471,3253.9879185591562
camsap1_cc_tubulin_complex_model,CAMSAP1,cc,55065.58753214297,2443.149929534302
camsap1_ch_cc1_linker_tubulin_complex_model,CAMSAP1,ch_cc1_linker,37274.95784139489,10872.614990040609
camsap1_ch_cc_tubulin_complex_model,CAMSAP1,ch_cc1_linker,63745.38497457855,4205.614271204417
camsap1_ch_cc_tubulin_complex_model,CAMSAP1,cc,55876.385170551825,955.7365485794144
camsap1_ch_cc_tubulin_complex_model,CAMSAP1,ch,6440.370585336826,393.27889403887
camsap1_ch_ckk_tubulin_complex_model,CAMSAP1,ckk,6932.823050069554,1330.3840263242328
camsap1_ch_ckk_tubulin_complex_model,CAMSAP1,linker,646.069308325719,7.245769296239473
camsap1_ch_ckk_tubulin_complex_model,CAMSAP1,ch,5265.785339234478,1970.2173863299104
camsap1_ch_tubulin_complex_model,CAMSAP1,ch,6415.5278382427805,1868.2129641950196
camsap1_ckk_tubulin_complex_model,CAMSAP1,ckk,6798.141678673985,2648.968532234476
camsap1_c_terminus_tubulin_complex_model,CAMSAP1,c_terminus,251.48512023839365,701.3226471737779
camsap1_delcc_tubulin_complex_model,CAMSAP1,cc3_ckk_linker,14753.5022562524,0.0
camsap1_delcc_tubulin_complex_model,CAMSAP1,c_terminus,883.9491709583232,0.0
camsap1_delcc_tubulin_complex_model,CAMSAP1,ckk,8163.961311900755,909.57425002134
camsap1_delcc_tubulin_complex_model,CAMSAP1,n_terminus,11741.960857106204,380.1048640070803
camsap1_delcc_tubulin_complex_model,CAMSAP1,ch_cc1_linker,61996.75512624684,3131.4569583442644
camsap1_delcc_tubulin_complex_model,CAMSAP1,ch,5479.676792045613,41.059359345356825
camsap1_delch_tubulin_complex_model,CAMSAP1,cc2,2379.85710428926,0.0
camsap1_delch_tubulin_complex_model,CAMSAP1,cc1,3029.64258999854,203.9274016218269
camsap1_delch_tubulin_complex_model,CAMSAP1,cc3,5260.207944132853,1012.0347811440506
camsap1_delch_tubulin_complex_model,CAMSAP1,cc3_ckk_linker,14966.97757370065,550.010073827596
camsap1_delch_tubulin_complex_model,CAMSAP1,c_terminus,820.3712775958941,1.0935884027146585
camsap1_delch_tubulin_complex_model,CAMSAP1,ckk,6297.120419447631,2775.138072494413
camsap1_delch_tubulin_complex_model,CAMSAP1,cc1_cc2_linker,14035.928439308116,0.0
camsap1_delch_tubulin_complex_model,CAMSAP1,cc2_cc3_linker,30048.159592748034,1435.0251494741606
camsap1_delch_tubulin_complex_model,CAMSAP1,n_terminus,16247.530034344758,168.5877515252996
camsap1_delch_tubulin_complex_model,CAMSAP1,ch_cc1_linker,68836.08735717545,2663.783013985376
camsap1_delckk_tubulin_complex_model,CAMSAP1,cc2,2381.1467155071878,0.0
camsap1_delckk_tubulin_complex_model,CAMSAP1,cc1,2113.6572792826464,138.6967917625684
camsap1_delckk_tubulin_complex_model,CAMSAP1,cc3,5148.714944573586,1022.1034473687287
camsap1_delckk_tubulin_complex_model,CAMSAP1,cc3_ckk_linker,13977.403734897145,987.6564117096823
camsap1_delckk_tubulin_complex_model,CAMSAP1,c_terminus,855.3166829471352,0.0
camsap1_delckk_tubulin_complex_model,CAMSAP1,cc1_cc2_linker,12151.179149260626,538.4514130391726
camsap1_delckk_tubulin_complex_model,CAMSAP1,cc2_cc3_linker,30558.882441947037,1125.8502219220427
camsap1_delckk_tubulin_complex_model,CAMSAP1,n_terminus,11699.470703369056,920.6196122692818
camsap1_delckk_tubulin_complex_model,CAMSAP1,ch_cc1_linker,67016.01701331727,137.56129451384186
camsap1_delckk_tubulin_complex_model,CAMSAP1,ch,5301.082225971798,26.92264479354526
camsap1_full_tubulin_complex_model,CAMSAP1,cc2,2234.422601594391,0.0
camsap1_full_tubulin_complex_model,CAMSAP1,cc1,2327.5080547521093,0.0
camsap1_full_tubulin_complex_model,CAMSAP1,cc3,4858.103901639816,908.5472633828849
camsap1_full_tubulin_complex_model,CAMSAP1,cc3_ckk_linker,13269.338702101195,1017.595287043574
camsap1_full_tubulin_complex_model,CAMSAP1,c_terminus,884.2257442091746,0.0
camsap1_full_tubulin_complex_model,CAMSAP1,ckk,8047.210492610954,1157.577857281024
camsap1_full_tubulin_complex_model,CAMSAP1,cc1_cc2_linker,13646.691618908328,96.92512026530494
camsap1_full_tubulin_complex_model,CAMSAP1,cc2_cc3_linker,29296.691924345512,1326.103769696536
camsap1_full_tubulin_complex_model,CAMSAP1,n_terminus,11393.330931311415,97.47057614819278
camsap1_full_tubulin_complex_model,CAMSAP1,ch_cc1_linker,66130.94136776438,1315.295497162966
camsap1_full_tubulin_complex_model,CAMSAP1,ch,5513.029925142681,15.088943851485055
camsap1_n_terminus_tubulin_complex_model,CAMSAP1,n_terminus,15863.126868401776,894.3038100790745
camsap2_cc1_cc2_linker_tubulin_complex_model,CAMSAP2,cc1_cc2_linker,11029.106478876225,1933.921737022527
camsap2_cc2_cc3_linker_tubulin_complex_model,CAMSAP2,cc2_cc3_linker,26585.956438417856,4597.127728402022
camsap2_cc2_tubulin_complex_model,CAMSAP2,cc2,2126.955427356991,2167.929410780396
camsap2_cc3_ckk_linker_tubulin_complex_model,CAMSAP2,cc3_ckk_linker,12761.490447879325,2542.4555979160523
camsap2_cc3_tubulin_complex_model,CAMSAP2,cc3,6979.29548665438,1829.2035443216182
camsap2_cc_ckk_tubulin_complex_model,CAMSAP2,cc3_ckk_linker,13648.393834339002,727.8740185475217
camsap2_cc_ckk_tubulin_complex_model,CAMSAP2,ckk,7712.369695556793,1841.2173967527988
camsap2_cc_ckk_tubulin_complex_model,CAMSAP2,cc,57636.63540568429,3642.7033099766923
camsap2_cc_tubulin_complex_model,CAMSAP2,cc,56991.872208221066,5337.922237887869
camsap2_ch_cc1_linker_tubulin_complex_model,CAMSAP2,ch_cc1_linker,43584.11159114816,9856.972026902025
camsap2_ch_cc_tubulin_complex_model,CAMSAP2,ch_cc1_linker,22118.029635859035,1206.0930579401902
camsap2_ch_cc_tubulin_complex_model,CAMSAP2,cc,31369.58001434664,4809.053800849084
camsap2_ch_cc_tubulin_complex_model,CAMSAP2,ch,4214.1730628670275,1.0714590240631878
camsap2_ch_ckk_tubulin_complex_model,CAMSAP2,ckk,7539.099086022051,1412.864907816057
camsap2_ch_ckk_tubulin_complex_model,CAMSAP2,linker,642.8820494813166,0.0
camsap2_ch_ckk_tubulin_complex_model,CAMSAP2,ch,6852.828927658608,1010.1272312175297
camsap2_ch_tubulin_complex_model,CAMSAP2,ch,6968.375649882506,1156.194991026774
camsap2_ckk_tubulin_complex_model,CAMSAP2,ckk,8884.504273194678,1072.6645536948636
camsap2_delcc_tubulin_complex_model,CAMSAP2,cc3_ckk_linker,15295.836250554805,476.28187053060174
camsap2_delcc_tubulin_complex_model,CAMSAP2,c_terminus,904.7751279509765,0.0
camsap2_delcc_tubulin_complex_model,CAMSAP2,ckk,8711.99606536511,997.3878845116633
camsap2_delcc_tubulin_complex_model,CAMSAP2,n_terminus,13892.445984058124,350.15731787747427
camsap2_delcc_tubulin_complex_model,CAMSAP2,ch_cc1_linker,46098.16645005988,3617.217780459381
camsap2_delcc_tubulin_complex_model,CAMSAP2,ch,4646.728977641539,238.25329746815078
camsap2_delch_tubulin_complex_model,CAMSAP2,cc2,1811.2634920396615,236.58041194648558
camsap2_delch_tubulin_complex_model,CAMSAP2,cc1,2423.5499225260446,398.31000387714766
camsap2_delch_tubulin_complex_model,CAMSAP2,cc3,6943.111564948133,1589.4953124637323
camsap2_delch_tubulin_complex_model,CAMSAP2,cc3_ckk_linker,13018.795670101397,923.3922688479997
camsap2_delch_tubulin_complex_model,CAMSAP2,c_terminus,919.2002784074997,0.0
camsap2_delch_tubulin_complex_model,CAMSAP2,ckk,6355.3942739684135,2896.039626829981
camsap2_delch_tubulin_complex_model,CAMSAP2,cc1_cc2_linker,12172.190887476443,0.0
camsap2_delch_tubulin_complex_model,CAMSAP2,cc2_cc3_linker,31073.305371008875,917.0466412452333
camsap2_delch_tubulin_complex_model,CAMSAP2,n_terminus,15198.159183804684,931.7391538029497
camsap2_delch_tubulin_complex_model,CAMSAP2,ch_cc1_linker,49982.571332433225,2535.753198485152
camsap2_delckk_tubulin_complex_model,CAMSAP2,cc2,3144.0988025805264,27.880064004282758
camsap2_delckk_tubulin_complex_model,CAMSAP2,cc1,2934.0967420054944,0.0
camsap2_delckk_tubulin_complex_model,CAMSAP2,cc3,6838.627207271609,1607.0168794714864
camsap2_delckk_tubulin_complex_model,CAMSAP2,cc3_ckk_linker,10286.365526546859,3895.567086735191
camsap2_delckk_tubulin_complex_model,CAMSAP2,c_terminus,658.4981777128158,268.1146382953466
camsap2_delckk_tubulin_complex_model,CAMSAP2,cc1_cc2_linker,11689.447389175928,0.0
camsap2_delckk_tubulin_complex_model,CAMSAP2,cc2_cc3_linker,29851.945718435796,979.0688053592385
camsap2_delckk_tubulin_complex_model,CAMSAP2,n_terminus,12838.53985496509,186.79683723573908
camsap2_delckk_tubulin_complex_model,CAMSAP2,ch_cc1_linker,49625.15356773862,303.01509373888985
camsap2_delckk_tubulin_complex_model,CAMSAP2,ch,4649.037972843701,575.8971114524393
camsap2_full_tubulin_complex_model,CAMSAP2,cc2,2923.4010013207885,203.7869347310998
camsap2_full_tubulin_complex_model,CAMSAP2,cc1,2654.889202882175,304.8541820783116
camsap2_full_tubulin_complex_model,CAMSAP2,cc3,6517.865168667985,1626.654459927884
camsap2_full_tubulin_complex_model,CAMSAP2,cc3_ckk_linker,14258.282953170554,191.80848176593463
camsap2_full_tubulin_complex_model,CAMSAP2,c_terminus,915.1910155621003,0.0
camsap2_full_tubulin_complex_model,CAMSAP2,ckk,6563.219776321181,2764.617670378888
camsap2_full_tubulin_complex_model,CAMSAP2,cc1_cc2_linker,11806.258765805718,191.39416852677823
camsap2_full_tubulin_complex_model,CAMSAP2,cc2_cc3_linker,29413.74581936177,1498.1493340255693
camsap2_full_tubulin_complex_model,CAMSAP2,n_terminus,14723.405748365523,144.9425669844295
camsap2_full_tubulin_complex_model,CAMSAP2,ch_cc1_linker,53100.53014891477,799.9383966760579
camsap2_full_tubulin_complex_model,CAMSAP2,ch,4762.8084888467465,805.9072216559462
camsap2_n_terminus_tubulin_complex_model,CAMSAP2,n_terminus,16496.52037815782,1344.3130690352737
camsap3_cc1_cc2_linker_tubulin_complex_model,CAMSAP3,cc1_cc2_linker,4328.707840398094,2758.5480505402984
camsap3_cc1_tubulin_complex_model,CAMSAP3,cc1,1836.3408658394528,1944.0250235982512
camsap3_cc2_cc3_linker_tubulin_complex_model,CAMSAP3,cc2_cc3_linker,15790.987406208813,5849.083854483222
camsap3_cc2_tubulin_complex_model,CAMSAP3,cc2,1823.6947741699166,1840.753873606321
camsap3_cc3_ckk_linker_tubulin_complex_model,CAMSAP3,cc3_ckk_linker,14500.322699166736,4845.818829231655
camsap3_cc3_tubulin_complex_model,CAMSAP3,cc3,4178.0545114207125,913.9159562013429
camsap3_cc_ckk_tubulin_complex_model,CAMSAP3,cc3_ckk_linker,20568.906503329985,1006.1649037663738
camsap3_cc_ckk_tubulin_complex_model,CAMSAP3,ckk,8826.871680566352,790.5041688045858
camsap3_cc_ckk_tubulin_complex_model,CAMSAP3,cc,35485.11904364216,2889.05947290943
camsap3_cc_tubulin_complex_model,CAMSAP3,cc,36018.38665287373,2935.2777923476824
camsap3_ch_cc1_linker_tubulin_complex_model,CAMSAP3,ch_cc1_linker,29560.375044610093,4854.561454330014
camsap3_ch_cc_tubulin_complex_model,CAMSAP3,ch_cc1_linker,29060.377555031304,1388.9766896675137
camsap3_ch_cc_tubulin_complex_model,CAMSAP3,cc,32178.310962311512,4864.583486753323
camsap3_ch_cc_tubulin_complex_model,CAMSAP3,ch,5846.960690769694,870.5522009454662
camsap3_ch_ckk_tubulin_complex_model,CAMSAP3,ckk,8318.150805002646,1328.5782891324307
camsap3_ch_ckk_tubulin_complex_model,CAMSAP3,linker,462.88108034108234,117.25725659192756
camsap3_ch_ckk_tubulin_complex_model,CAMSAP3,ch,7050.028570913661,912.3374818221027
camsap3_ch_tubulin_complex_model,CAMSAP3,ch,7016.919803459562,1185.3456281975004
camsap3_ckk_tubulin_complex_model,CAMSAP3,ckk,9127.948198009684,558.1144278296852
camsap3_delcc_tubulin_complex_model,CAMSAP3,cc3_ckk_linker,18828.80239710633,1014.8259228539428
camsap3_delcc_tubulin_complex_model,CAMSAP3,c_terminus,720.3645188311987,0.0
camsap3_delcc_tubulin_complex_model,CAMSAP3,ckk,8219.521659749294,1383.729249759097
camsap3_delcc_tubulin_complex_model,CAMSAP3,n_terminus,11313.653745333735,178.31527848691258
camsap3_delcc_tubulin_complex_model,CAMSAP3,ch_cc1_linker,28211.963654860883,3631.729865067773
camsap3_delcc_tubulin_complex_model,CAMSAP3,ch,4984.4213229491415,361.66111389179423
camsap3_delch_tubulin_complex_model,CAMSAP3,cc2,2127.731488707023,165.2756080897343
camsap3_delch_tubulin_complex_model,CAMSAP3,cc1,2391.207201024596,54.23346477536825
camsap3_delch_tubulin_complex_model,CAMSAP3,cc3,4130.562188196823,718.0021291202938
camsap3_delch_tubulin_complex_model,CAMSAP3,cc3_ckk_linker,21711.784433894638,459.3845379831182
camsap3_delch_tubulin_complex_model,CAMSAP3,c_terminus,737.246633503871,0.0
camsap3_delch_tubulin_complex_model,CAMSAP3,ckk,8706.993116763377,981.0259044850936
camsap3_delch_tubulin_complex_model,CAMSAP3,cc1_cc2_linker,7333.0006679474045,570.772281622123
camsap3_delch_tubulin_complex_model,CAMSAP3,cc2_cc3_linker,17093.844269914727,2584.6798849501065
camsap3_delch_tubulin_complex_model,CAMSAP3,n_terminus,10734.940899784113,2023.5546678185365
camsap3_delch_tubulin_complex_model,CAMSAP3,ch_cc1_linker,30422.469889636523,502.9142572956953
camsap3_delckk_tubulin_complex_model,CAMSAP3,cc2,3639.1108485118352,5.4679420135726104
camsap3_delckk_tubulin_complex_model,CAMSAP3,cc1,3589.6144782014785,218.82315009148806
camsap3_delckk_tubulin_complex_model,CAMSAP3,cc3,4019.31229764346,739.2235246634395
camsap3_delckk_tubulin_complex_model,CAMSAP3,cc3_ckk_linker,18152.366667819308,3126.804209358812
camsap3_delckk_tubulin_complex_model,CAMSAP3,c_terminus,719.1790199938106,0.0
camsap3_delckk_tubulin_complex_model,CAMSAP3,cc1_cc2_linker,8305.41673617244,0.0
camsap3_delckk_tubulin_complex_model,CAMSAP3,cc2_cc3_linker,17676.235254444073,2457.5145477835613
camsap3_delckk_tubulin_complex_model,CAMSAP3,n_terminus,12071.978630853087,105.00234347324476
camsap3_delckk_tubulin_complex_model,CAMSAP3,ch_cc1_linker,30463.600060480265,1832.3198408711614
camsap3_delckk_tubulin_complex_model,CAMSAP3,ch,4340.51464930704,1136.295904397889
camsap3_full_tubulin_complex_model,CAMSAP3,cc2,1786.0009150697563,40.467030900078726
camsap3_full_tubulin_complex_model,CAMSAP3,cc1,2017.5301486840935,146.99814875678476
camsap3_full_tubulin_complex_model,CAMSAP3,cc3,3982.1327926589156,649.9894630370936
camsap3_full_tubulin_complex_model,CAMSAP3,cc3_ckk_linker,20626.271243768668,921.3492157471301
camsap3_full_tubulin_complex_model,CAMSAP3,c_terminus,722.3074305246259,0.0
camsap3_full_tubulin_complex_model,CAMSAP3,ckk,8783.882428287521,945.2873223870374
camsap3_full_tubulin_complex_model,CAMSAP3,cc1_cc2_linker,7867.381569650802,0.0
camsap3_full_tubulin_complex_model,CAMSAP3,cc2_cc3_linker,17131.148119136502,2126.2619773273727
camsap3_full_tubulin_complex_model,CAMSAP3,n_terminus,12424.53674127007,0.0
camsap3_full_tubulin_complex_model,CAMSAP3,ch_cc1_linker,30040.603333566665,2592.254855457315
camsap3_full_tubulin_complex_model,CAMSAP3,ch,5060.665250811272,0.0
camsap3_n_terminus_tubulin_complex_model,CAMSAP3,n_terminus,12282.705481986042,2526.1730373517676
