file,sasa_complex,sasa_camsap,sasa_tubulin,bsa
camsap1_cc1_cc2_linker_tubulin_complex_model,77662.8282972222,14536.691158025462,71488.74778856563,8362.6106493689
camsap1_cc1_tubulin_complex_model,73161.98700329884,4295.123662010913,71795.892518414,2929.029177126067
camsap1_cc2_cc3_linker_tubulin_complex_model,93898.59578141532,31222.964021486623,72872.51933672803,10196.88757679933
camsap1_cc2_tubulin_complex_model,71337.74518988341,3365.6148630628186,72097.56754695703,4125.437220136431
camsap1_cc3_ckk_linker_tubulin_complex_model,80076.27838892442,15288.982275561579,71936.04423200003,7148.748118637188
camsap1_cc3_tubulin_complex_model,74109.11309986594,6203.989187001764,72098.64363040535,4193.519717541174
camsap1_cc_ckk_tubulin_complex_model,143894.64191996117,81125.7423939696,72498.36084159666,9729.461315605091
camsap1_cc_tubulin_complex_model,124228.60868722145,57508.73746167727,72620.69062678443,5900.819401240253
camsap1_ch_cc1_linker_tubulin_complex_model,96520.57200089807,48147.5728314355,70799.44737559212,22426.448206129542
camsap1_ch_cc_tubulin_complex_model,191215.8072679421,131616.7704442898,71301.8388718704,11702.802048218116
camsap1_ch_ckk_tubulin_complex_model,81581.99319328101,16152.524879580133,72945.76756749956,7516.299253798672
camsap1_ch_tubulin_complex_model,76151.49555865226,8283.7408024378,72725.37326922304,4857.61851300858
camsap1_ckk_tubulin_complex_model,75956.39257663509,9447.11021090846,72920.31479851028,6411.032432783657
camsap1_c_terminus_tubulin_complex_model,69331.20245991227,952.8077674121715,70819.64951281491,2441.254820314818
camsap1_delcc_tubulin_complex_model,169831.54448676703,107482.00094622832,71980.55143901704,9631.007898478332
camsap1_delch_tubulin_complex_model,225082.08808391306,170731.4821652166,72493.33945812931,18142.73353943287
camsap1_delckk_tubulin_complex_model,216972.86710134667,156100.73272845245,71532.67632678236,10660.54195388814
camsap1_full_tubulin_complex_model,223039.86269219324,163536.0995792119,72295.38744113265,12791.624328151316
camsap1_n_terminus_tubulin_complex_model,85534.8824078923,16757.43067848085,71628.67506677232,2851.223337360876
camsap2_cc1_cc2_linker_tubulin_complex_model,79931.6016886431,12963.028215898752,71672.29508802417,4703.721615279821
camsap2_cc2_cc3_linker_tubulin_complex_model,94009.52962774764,31183.084166819877,72596.98738561133,9770.541924683566
camsap2_cc2_tubulin_complex_model,71540.10067677133,4294.884838137387,72475.05562764636,5229.839789012418
camsap2_cc3_ckk_linker_tubulin_complex_model,80907.24067907225,15303.946045795377,71710.67596317205,6107.381329895186
camsap2_cc3_tubulin_complex_model,76038.09931943161,8808.499030975998,71867.91748840429,4638.31719994868
camsap2_cc_ckk_tubulin_complex_model,144531.9033334593,85209.19366085705,72413.05408494658,13090.344412344304
camsap2_cc_tubulin_complex_model,123233.63938923008,62329.794446108936,72153.73624537335,11249.891302252217
camsap2_ch_cc1_linker_tubulin_complex_model,108212.85329514262,53441.08361805019,73505.36506582286,18733.595388730435
camsap2_ch_cc_tubulin_complex_model,120454.35921478663,63718.00103088602,69849.76545517109,13113.40727127048
camsap2_ch_ckk_tubulin_complex_model,84143.18733580051,17457.80220219556,72787.4172611228,6102.032127517843
camsap2_ch_tubulin_complex_model,79729.46875217864,8124.57064090928,75112.82580207083,3507.9276908014726
camsap2_ckk_tubulin_complex_model,78824.24719134533,9957.168826889541,72247.89373560809,3380.81537115229
camsap2_delcc_tubulin_complex_model,154934.42192217935,95229.24700647772,72002.95448808829,12297.779572386644
camsap2_delch_tubulin_complex_model,203555.18489485167,150325.89859421315,74403.54347751962,21174.257176881103
camsap2_delckk_tubulin_complex_model,196097.33072493816,140359.167475569,71589.31421577846,15851.150966409303
camsap2_full_tubulin_complex_model,211326.67213848452,156171.65150597037,73172.52626753668,18017.505635022535
camsap2_n_terminus_tubulin_complex_model,87047.51785183793,17840.833447193094,72814.98625718876,3608.30185254394
camsap3_cc1_cc2_linker_tubulin_complex_model,73485.0694976347,7087.255890938392,72898.79934989489,6500.985743198587
camsap3_cc1_tubulin_complex_model,72005.1020808263,3780.365889437704,72914.72949916174,4689.99330777314
camsap3_cc2_cc3_linker_tubulin_complex_model,81833.81666304827,21640.071260692035,72024.37261016337,11830.627207807134
camsap3_cc2_tubulin_complex_model,71090.6596942272,3664.4486477762375,71983.55539221343,4557.344345762467
camsap3_cc3_ckk_linker_tubulin_complex_model,80918.09919195567,19346.14152839839,71772.21469900873,10200.257035451461
camsap3_cc3_tubulin_complex_model,74171.96724567929,5091.970467622055,72035.52277594224,2955.525997885008
camsap3_cc_ckk_tubulin_complex_model,131576.15466526148,69566.6257730189,72206.27102586816,10196.74213362558
camsap3_cc_tubulin_complex_model,104260.69829586762,38953.66444522141,72147.65982712827,6840.625976482057
camsap3_ch_cc1_linker_tubulin_complex_model,96810.05507383864,34414.93649894011,72678.67612079861,10283.557545900083
camsap3_ch_cc_tubulin_complex_model,131555.7769758411,74209.7615854788,72213.09051874049,14867.075128378201
camsap3_ch_ckk_tubulin_complex_model,84674.27029406716,18189.233483803855,72218.97370390466,5733.936893641352
camsap3_ch_tubulin_complex_model,76306.75104440692,8202.265431657062,71559.3814602669,3454.895847517051
camsap3_ckk_tubulin_complex_model,80231.40648938013,9686.06262583937,72844.30339877015,2298.959535229398
camsap3_delcc_tubulin_complex_model,140469.28521152923,78848.9887288902,75173.48285621208,13553.18637357303
camsap3_delch_tubulin_complex_model,168922.13049567022,113449.62352551309,72047.0354438142,16574.52847365706
camsap3_delckk_tubulin_complex_model,165102.07711756727,112598.78010608003,71212.23328549667,18708.936274009437
camsap3_full_tubulin_complex_model,175338.0671053826,117865.0679870417,72802.80331167464,15329.804193333752
camsap3_n_terminus_tubulin_complex_model,79570.59217876664,14808.87851933781,71572.33164553899,6810.6179861101555
